Location,Air Pollution,Asthma,Smoking,Population,Population_Density,Year
,locat,,,,,
Alabama,11,8,24.3,4696000,92.72386218,2012
,,,,,,
Alaska,6,8.2,22.9,706200,1.237555661,2012
,,,,,,
Arizona,9.4,9.7,19.3,6386300,56.22039896,2012
,,,,,,
Arkansas,10.8,9.5,27,2860200,54.96684924,2012
,,,,,,
California,15.3,8.4,13.7,37221500,238.9378543,2012
,,,,,,
Colorado,6.7,8.3,18.3,5045900,48.68586094,2012
,,,,,,
Connecticut,9.3,9.9,17.1,3479300,718.566708,2012
,,,,,,
Delaware,11,9.8,21.7,888000,455.6182658,2012
,,,,,,
Florida,7.6,7.6,19.3,18876900,352.0167832,2012
,,,,,,
Georgia,11.5,9.6,21.2,9616400,167.2039365,2012
,,,,,,
Hawaii,8.9,9.5,16.8,1330300,207.1150553,2012
,,,,,,
Idaho,8.7,9.2,17.2,1562500,18.90662246,2012
,,,,,,
Illinois,11.7,8.1,20.9,12567900,226.3711522,2012
,,,,,,
Indiana,13.1,9.6,25.6,6338800,176.9329537,2012
,,,,,,
Iowa,10.1,8.3,20.4,2976000,53.27890864,2012
,,,,,,
Kansas,9.1,8.8,22,2787500,34.09410585,2012
,,,,,,
Kentucky,11.4,10.4,29,4235100,107.2557362,2012
,,,,,,
Louisiana,9.5,6.4,25.7,4457000,103.1617443,2012
,,,,,,
Maine,7.8,12,22.8,1292600,41.90902312,2012
,,,,,,
Maryland,10.9,8.5,19.1,5722700,589.5436283,2012
,,,,,,
Massachusetts,8.4,10.7,18.2,6410600,821.8717949,2012
,,,,,,
Michigan,9.5,9.9,23.3,9659300,170.8431348,2012
,,,,,,
Minnesota,8.2,7,19.1,5256300,66.01152875,2012
,,,,,,
Mississippi,10,7.7,26,2884500,61.4730516,2012
,,,,,,
Missouri,10.3,9.2,25,5830600,84.81859707,2012
,,,,,,
Montana,7.6,9.1,22.1,978700,6.724334575,2012
,,,,,,
Nebraska,8.2,7.3,20,1795100,23.36639592,2012
,,,,,,
Nevada,8.4,8.1,22.9,2710900,24.69370838,2012
,,,,,,
New Hampshire,7.5,11,19.4,1280100,142.9800067,2012
,,,,,,
New Jersey,9.2,9,16.8,8685500,1181.057928,2012
,,,,,,
New Mexico,6.1,10,21.5,2039200,16.81148906,2012
,,,,,,
New York,9.2,9.7,18.1,19040100,404.0253788,2012
,,,,,,
North Carolina,10,8.8,21.8,9439200,194.1503147,2012
,,,,,,
North Dakota,5.6,8.1,21.9,671900,9.737540036,2012
,,,,,,
Ohio,12,9.8,25.1,11222100,274.6408556,2012
,,,,,,
Oklahoma,9.9,9.6,26.1,3689500,53.78671915,2012
,,,,,,
Oregon,7.3,10.4,19.7,3825500,39.85394008,2012
,,,,,,
Pennsylvania,12,9,22.4,12347600,275.9671904,2012
,,,,,,
Rhode Island,8.4,11.8,20,1007900,974.7582205,2012
,,,,,,
South Carolina,10.5,8.2,23.1,4569100,151.9942783,2012
,,,,,,
South Dakota,6.7,6.9,23,800400,10.55783462,2012
,,,,,,
Tennessee,10.4,7.2,23,6277400,152.234752,2012
,,,,,,
Texas,10.3,7.4,19.2,25384300,97.17147976,2012
,,,,,,
Utah,9.9,8.8,11.8,2801700,34.09638554,2012
,,,,,,
Vermont,7,11.1,19.1,600700,65.1730498,2012
,,,,,,
Virginia,9.7,8.7,20.9,7865500,199.1770068,2012
,,,,,,
Washington,9.3,9.7,17.5,6732900,101.3136511,2012
,,,,,,
West Virginia,11.2,9.2,28.6,1801800,74.95631916,2012
,,,,,,
Wisconsin,10,9.2,20.9,5566100,102.7752133,2012
,,,,,,
Wyoming,5.1,9.1,23,559000,5.757366648,2012
Alabama,10.7,8.6,23.8,4705800,92.91736598,2013
,,,,,,
Alaska,5.4,9,20.5,705100,1.235628004,2013
,,,,,,
Arizona,9.6,8.6,17.1,6465700,56.91937954,2013
,,,,,,
Arkansas,10.7,8.8,25,2868600,55.12827904,2013
,,,,,,
California,15.1,8.8,12.6,37511300,240.798182,2013
,,,,,,
Colorado,6.7,8.9,17.7,5130200,49.49923776,2013
,,,,,,
Connecticut,9,9.9,16,3479000,718.5047501,2013
,,,,,,
Delaware,10.6,9.9,19.7,898500,461.0056439,2013
,,,,,,
Florida,7.6,8.2,17.7,19093200,356.0503497,2013
,,,,,,
Georgia,11.2,8.2,20.4,9690900,168.4992958,2013
,,,,,,
Hawaii,9.1,8.9,14.6,1331500,207.3018839,2013
,,,,,,
Idaho,8.6,8.5,16.4,1580900,19.12926685,2013
,,,,,,
Illinois,11.7,8.5,18.6,12571100,226.4287901,2013
,,,,,,
Indiana,12.6,9.1,24,6366500,177.7061352,2013
,,,,,,
Iowa,9.9,8.1,18.1,2990300,53.53491953,2013
,,,,,,
Kansas,8.9,8.4,19.4,2796500,34.20418547,2013
,,,,,,
Kentucky,11.1,11.1,28.3,4260900,107.9091324,2013
,,,,,,
Louisiana,9.6,7.4,24.8,4483200,103.7681696,2013
,,,,,,
Maine,7.5,11.1,20.3,1291900,41.88632753,2013
,,,,,,
Maryland,10.8,9,16.2,5767500,594.1588544,2013
,,,,,,
Massachusetts,8.1,10.8,16.4,6451500,827.1153846,2013
,,,,,,
Michigan,9.3,10.5,23.3,9664300,170.9315694,2013
,,,,,,
Minnesota,8.1,8,18.8,5287800,66.40712321,2013
,,,,,,
Mississippi,9.8,8.1,24,2889200,61.57321569,2013
,,,,,,
Missouri,10,10.4,23.9,5853100,85.14590789,2013
,,,,,,
Montana,7.2,9.5,19.7,986300,6.776551743,2013
,,,,,,
Nebraska,8.2,7.4,19.7,1811200,23.57596584,2013
,,,,,,
Nevada,9.1,7.4,18.1,2745400,25.00797041,2013
,,,,,,
New Hampshire,7.6,10.2,17.2,1280700,143.0470233,2013
,,,,,,
New Jersey,9.1,8.7,17.3,8716900,1185.327713,2013
,,,,,,
New Mexico,6.6,9.2,19.3,2040200,16.81973322,2013
,,,,,,
New York,9,9.3,16.2,19119600,405.7123456,2013
,,,,,,
North Carolina,9.6,7.7,20.9,9522500,195.8636719,2013
,,,,,,
North Dakota,5.6,7.6,21.2,693500,10.05057898,2013
,,,,,,
Ohio,11.6,10.5,23.3,11239600,275.0691368,2013
,,,,,,
Oklahoma,9.7,10.2,23.3,3726900,54.33194839,2013
,,,,,,
Oregon,7,10.6,17.9,3851600,40.12584906,2013
,,,,,,
Pennsylvania,11.7,10.1,21.4,12344300,275.8934358,2013
,,,,,,
Rhode Island,8.5,10.8,17.4,1008600,975.4352031,2013
,,,,,,
South Carolina,10.2,8.7,22.5,4616200,153.5610924,2013
,,,,,,
South Dakota,6.4,7.5,22,811600,10.70557043,2013
,,,,,,
Tennessee,10.1,7.7,24.9,6318700,153.2363284,2013
,,,,,,
Texas,10.2,6.8,18.2,25773000,98.65942917,2013
,,,,,,
Utah,9.3,8.9,10.6,2849400,34.67688938,2013
,,,,,,
Vermont,6.9,10.9,16.5,602700,65.39004014,2013
,,,,,,
Virginia,9.3,8.7,19,7945700,201.2079007,2013
,,,,,,
Washington,8.5,9.7,17.2,6797800,102.2902371,2013
,,,,,,
West Virginia,10.7,10.2,28.2,1798200,74.80655629,2013
,,,,,,
Wisconsin,9.6,8.6,20.4,5592500,103.2626759,2013
,,,,,,
Wyoming,5.3,9,21.8,567300,5.842851699,2013
,,,,,,
Alabama,10,8.5,21.5,4714100,93.08125185,2014
,,,,,,
Alaska,4.9,9.3,22.6,706600,1.238256627,2014
,,,,,,
Arizona,9.9,8.9,16.3,6556200,57.71607655,2014
,,,,,,
Arkansas,10.3,8.3,25.9,2880000,55.34736235,2014
,,,,,,
California,13.9,8.7,12.5,37981600,243.8172026,2014
,,,,,,
Colorado,6.8,8.7,17.7,5217000,50.33673607,2014
,,,,,,
Connecticut,8.7,9.8,15.5,3480400,718.7938868,2014
,,,,,,
Delaware,10.2,10.6,19.6,905300,464.4946126,2014
,,,,,,
Florida,7.4,8.3,16.8,19431100,362.3515152,2014
,,,,,,
Georgia,10.3,8.4,18.8,9792900,170.2728079,2014
,,,,,,
Hawaii,8.7,9.4,13.3,1348100,209.8863459,2014
,,,,,,
Idaho,10.4,8.5,17.2,1598800,19.34586111,2014
,,,,,,
Illinois,11.4,7.6,18,12569400,226.39817,2014
,,,,,,
Indiana,11.7,10.3,21.9,6386700,178.2699715,2014
,,,,,,
Iowa,9.6,7.8,19.5,3002100,53.74617326,2014
,,,,,,
Kansas,8.8,8.9,20,2810700,34.37786666,2014
,,,,,,
Kentucky,10.4,9.5,26.5,4268800,108.1092033,2014
,,,,,,
Louisiana,9.2,7.7,23.5,4508500,104.3537635,2014
,,,,,,
Maine,7.6,11.9,20.2,1293800,41.94792984,2014
,,,,,,
Maryland,10,9.4,16.4,5819300,599.4952096,2014
,,,,,,
Massachusetts,7.7,11.4,16.6,6506500,834.1666667,2014
,,,,,,
Michigan,8.8,11.5,21.4,9682700,171.2570084,2014
,,,,,,
Minnesota,8,7.7,18,5330400,66.94211762,2014
,,,,,,
Mississippi,9.3,8.2,24.8,2886800,61.52206807,2014
,,,,,,
Missouri,10,10.8,22.1,5870200,85.39466411,2014
,,,,,,
Montana,6.3,8.6,19,993700,6.827394776,2014
,,,,,,
Nebraska,8,7.3,18.5,1823700,23.73867541,2014
,,,,,,
Nevada,9.3,7.6,19.4,2795200,25.46160082,2014
,,,,,,
New Hampshire,7.5,11,16.2,1286500,143.6948509,2014
,,,,,,
New Jersey,9,9,15.7,8756200,1190.671743,2014
,,,,,,
New Mexico,7.1,9.2,19.1,2036700,16.79087866,2014
,,,,,,
New York,8.5,9.7,16.6,19216400,407.7664134,2014
,,,,,,
North Carolina,9,8.4,20.3,9632900,198.1344358,2014
,,,,,,
North Dakota,5.4,8.3,21.2,708400,10.26651788,2014
,,,,,,
Ohio,10.9,9.7,23.4,11270300,275.8204645,2014
,,,,,,
Oklahoma,9.7,9,23.7,3749500,54.66141847,2014
,,,,,,
Oregon,6.9,11.4,17.3,3889600,40.52173188,2014
,,,,,,
Pennsylvania,11.7,9.6,21,12368000,276.4231276,2014
,,,,,,
Rhode Island,8.4,12,17.4,1013700,980.3675048,2014
,,,,,,
South Carolina,9.5,8.4,22,4674300,155.4938292,2014
,,,,,,
South Dakota,6.3,7.9,19.6,821600,10.83747741,2014
,,,,,,
Tennessee,9.5,7.1,24.3,6374800,154.5968231,2014
,,,,,,
Texas,10.2,7.3,15.9,26280100,100.6006155,2014
,,,,,,
Utah,10.1,9,10.3,2891800,35.19289278,2014
,,,,,,
Vermont,6.4,11.3,16.6,600000,65.09710318,2014
,,,,,,
Virginia,8.7,8.7,19,8006000,202.7348696,2014
,,,,,,
Washington,8.1,9.9,16.1,6887600,103.6415072,2014
,,,,,,
West Virginia,9.8,9,27.3,1791600,74.53199101,2014
,,,,,,
Wisconsin,9.3,10.4,18.7,5603600,103.4676317,2014
,,,,,,
Wyoming,5,9.1,20.6,568500,5.855210983,2014
,,,,,,
Alabama,9.5,9.5,21.1,4730100,93.39717642,2015
,,,,,,
Alaska,6,8.1,19.9,707500,1.239833801,2015
,,,,,,
Arizona,9.7,9.6,16.5,6655100,58.58672113,2015
,,,,,,
Arkansas,9.7,8.8,24.7,2882300,55.39156337,2015
,,,,,,
California,12.5,7.8,12.8,38325100,246.0222495,2015
,,,,,,
Colorado,7,8.4,15.7,5315400,51.28615812,2015
,,,,,,
Connecticut,8.8,9.2,15.4,3478100,718.3188765,2015
,,,,,,
Delaware,9.7,8.8,19.9,918300,471.1646998,2015
,,,,,,
Florida,7.2,8,17.6,19812500,369.4638695,2015
,,,,,,
Georgia,9.8,8.3,17.4,9909700,172.3036531,2015
,,,,,,
Hawaii,7.6,9.2,14.1,1362600,212.143858,2015
,,,,,,
Idaho,11.7,8.6,15.9,1617200,19.5685055,2015
,,,,,,
Illinois,11.1,9.1,16.5,12549700,226.0433365,2015
,,,,,,
Indiana,11.3,10.7,22.9,6415100,179.0626919,2015
,,,,,,
Iowa,9.3,8.5,18.5,3019800,54.06305387,2015
,,,,,,
Kansas,8.6,8.7,18.1,2816600,34.45002997,2015
,,,,,,
Kentucky,10.1,11.9,26.2,4283400,108.4789546,2015
,,,,,,
Louisiana,8.6,7.7,24,4530300,104.8583464,2015
,,,,,,
Maine,7.4,11.6,19.3,1292600,41.90902312,2015
,,,,,,
Maryland,9.6,8.5,14.6,5838300,601.45256,2015
,,,,,,
Massachusetts,7.2,12,14.7,6555600,840.4615385,2015
,,,,,,
Michigan,8.8,10.9,21.2,9693800,171.4533331,2015
,,,,,,
Minnesota,8,8.4,16.3,5365600,67.38417873,2015
,,,,,,
Mississippi,8.9,7.4,23,2889300,61.57534684,2015
,,,,,,
Missouri,9.7,9.7,20.6,5890900,85.69579006,2015
,,,,,,
Montana,5.7,9.6,19.9,1005900,6.911217072,2015
,,,,,,
Nebraska,7.8,7.7,17.3,1838400,23.93002187,2015
,,,,,,
Nevada,10,8.1,17,2842700,25.89428043,2015
,,,,,,
New Hampshire,7.2,10.2,17.5,1287600,143.8177147,2015
,,,,,,
New Jersey,8.8,8.3,15.1,8776300,1193.40495,2015
,,,,,,
New Mexico,6.6,9.9,19.1,2035300,16.77933684,2015
,,,,,,
New York,8,10.7,14.4,19269200,408.8868141,2015
,,,,,,
North Carolina,8.7,7.8,19.1,9733700,200.207742,2015
,,,,,,
North Dakota,5.2,8.7,19.9,726400,10.52738366,2015
,,,,,,
Ohio,10.6,10.8,21,11293300,276.3833484,2015
,,,,,,
Oklahoma,9.5,9.7,21.1,3783700,55.15999708,2015
,,,,,,
Oregon,6.7,10.2,17,3948700,41.13743385,2015
,,,,,,
Pennsylvania,11.4,9.8,19.9,12386400,276.8343652,2015
,,,,,,
Rhode Island,7.8,10.8,16.3,1014400,981.0444874,2015
,,,,,,
South Carolina,9,8.3,21.5,4734000,157.4797911,2015
,,,,,,
South Dakota,6.3,7.5,18.6,829000,10.93508858,2015
,,,,,,
Tennessee,9.1,8.9,24.2,6422800,155.7608827,2015
,,,,,,
Texas,9.9,6.7,14.5,26777500,102.5046702,2015
,,,,,,
Utah,8.9,8.7,9.7,2945200,35.842765,2015
,,,,,,
Vermont,6.2,11.3,16.4,602400,65.35749159,2015
,,,,,,
Virginia,8.3,8.6,19.5,8051200,203.8794632,2015
,,,,,,
Washington,8,9.3,15.3,7002800,105.374985,2015
,,,,,,
West Virginia,9.4,11,26.7,1791500,74.52783093,2015
,,,,,,
Wisconsin,9.1,10.3,17.4,5620900,103.7870675,2015
,,,,,,
Wyoming,5,8.3,19.5,568900,5.859330745,2015
,,,,,,
Alabama,9.1,9.9,21.4,4730100,93.39717642,2016
,,,,,,
Alaska,8.8,9.2,19.1,714900,1.252801674,2016
,,,,,,
Arizona,9.3,9.3,14,6760900,59.51810835,2016
,,,,,,
Arkansas,7.5,10.1,24.9,2895400,55.643317,2016
,,,,,,
California,11.4,7.7,11.7,38442400,246.7752393,2016
,,,,,,
Colorado,6.6,9,15.6,5398100,52.08409718,2016
,,,,,,
Connecticut,8.8,10.5,13.5,3465100,715.6340355,2016
,,,,,,
Delaware,9.5,9.2,17.4,924300,474.2432016,2016
,,,,,,
Florida,6.8,7.4,15.8,20144000,375.6456876,2016
,,,,,,
Georgia,9.1,9.2,17.7,10001000,173.8911203,2016
,,,,,,
Hawaii,7,10,14.1,1364600,212.455239,2016
,,,,,,
Idaho,8.5,9.1,13.8,1650700,19.97386349,2016
,,,,,,
Illinois,10.8,8.4,15.1,12491200,224.9896432,2016
,,,,,,
Indiana,10.5,10.2,20.6,6431400,179.5176687,2016
,,,,,,
Iowa,8.6,7.6,18.1,3030400,54.25282418,2016
,,,,,,
Kansas,8,8.7,17.7,2817000,34.45492239,2016
,,,,,,
Kentucky,9.1,11.9,25.9,4287700,108.5878539,2016
,,,,,,
Louisiana,8.1,8.2,21.9,4530500,104.8629757,2016
,,,,,,
Maine,6.8,11.2,19.5,1293800,41.94792984,2016
,,,,,,
Maryland,9.1,8.8,15.1,5856500,603.3274956,2016
,,,,,,
Massachusetts,6.4,10.2,14,6570600,842.3846154,2016
,,,,,,
Michigan,8.6,10.2,20.7,9693500,171.448027,2016
,,,,,,
Minnesota,8,7.4,16.2,5392900,67.72702726,2016
,,,,,,
Mississippi,8.1,7.8,22.5,2887300,61.53272382,2016
,,,,,,
Missouri,9.1,9.6,22.3,5898000,85.7990748,2016
,,,,,,
Montana,6.3,8.9,18.9,1015100,6.974427329,2016
,,,,,,
Nebraska,7.3,7.2,17.1,1845000,24.01593252,2016
,,,,,,
Nevada,9.2,8.1,17.5,2890400,26.32878185,2016
,,,,,,
New Hampshire,6.6,10.1,15.9,1291300,144.230984,2016
,,,,,,
New Jersey,8.8,7.2,13.5,8762700,1191.555616,2016
,,,,,,
New Mexico,6,9.9,17.5,2029400,16.7306963,2016
,,,,,,
New York,7.5,9.9,15.2,19221500,407.874634,2016
,,,,,,
North Carolina,8,8.2,19,9829900,202.186433,2016
,,,,,,
North Dakota,4.9,9,18.7,725900,10.52013739,2016
,,,,,,
Ohio,10.2,10,21.6,11278700,276.0260395,2016
,,,,,,
Oklahoma,8.7,9.5,22.2,3800800,55.40928639,2016
,,,,,,
Oregon,7.3,11.2,17.1,4014500,41.8229362,2016
,,,,,,
Pennsylvania,11,10.2,18.1,12364700,276.3493731,2016
,,,,,,
Rhode Island,7.5,11,15.5,1013900,980.5609284,2016
,,,,,,
South Carolina,7.9,8.2,19.7,4805300,159.851635,2016
,,,,,,
South Dakota,6.3,8.4,20.1,835800,11.02478532,2016
,,,,,,
Tennessee,8.6,9,21.9,6467700,156.8497636,2016
,,,,,,
Texas,9.4,7.6,15.2,27178300,104.0389386,2016
,,,,,,
Utah,9.2,9,9.1,2999300,36.50115614,2016
,,,,,,
Vermont,5.6,11,16,599600,65.05370511,2016
,,,,,,
Virginia,7.8,7.9,16.5,8080900,204.6315523,2016
,,,,,,
Washington,8.3,9.4,15,7124100,107.2002528,2016
,,,,,,
West Virginia,7.9,10.8,25.7,1781700,74.12014311,2016
,,,,,,
Wisconsin,7.9,9.5,17.3,5623300,103.8313823,2016
,,,,,,
Wyoming,4.4,8,19.1,569400,5.864480447,2016
,,,,,,
Alabama,8.9,9.7,21.5,4741400,93.62029815,2017
,,,,,,
Alaska,8.7,8.8,19,710100,1.244390081,2017
,,,,,,
Arizona,9.7,9.4,14.7,6841300,60.22589221,2017
,,,,,,
Arkansas,7.2,8.5,23.6,2910000,55.92389738,2017
,,,,,,
California,11.7,7.8,11,38713900,248.5180929,2017
,,,,,,
Colorado,6.6,8.8,15.6,5461100,52.69195886,2017
,,,,,,
Connecticut,8.6,10.5,13.3,3478700,718.4427922,2017
,,,,,,
Delaware,9.1,8.5,17.7,931700,478.0400205,2017
,,,,,,
Florida,6.8,6.7,15.5,20532300,382.8867133,2017
,,,,,,
Georgia,9,8.5,17.9,10121400,175.98456,2017
,,,,,,
Hawaii,5.9,10.7,13.1,1356100,211.1318698,2017
,,,,,,
Idaho,5.9,9.3,14.5,1682100,20.35381097,2017
,,,,,,
Illinois,10.2,8.9,15.8,12496600,225.0869072,2017
,,,,,,
Indiana,9.7,10.2,21.1,6459400,180.299224,2017
,,,,,,
Iowa,7.8,7.8,16.7,3045600,54.52494763,2017
,,,,,,
Kansas,7.3,8.8,17.2,2817600,34.46226104,2017
,,,,,,
Kentucky,8.8,11.6,24.5,4307100,109.0791673,2017
,,,,,,
Louisiana,7.8,8.4,22.8,4541500,105.1175817,2017
,,,,,,
Maine,6.4,12.2,19.8,1300200,42.15543235,2017
,,,,,,
Maryland,9,9.4,13.7,5892900,607.0773668,2017
,,,,,,
Massachusetts,6.2,10.3,13.6,6620600,848.7948718,2017
,,,,,,
Michigan,8.7,10.9,20.4,9720300,171.9220361,2017
,,,,,,
Minnesota,7.5,7.6,15.2,5446600,68.40142163,2017
,,,,,,
Mississippi,7.5,8,22.7,2884500,61.4730516,2017
,,,,,,
Missouri,8.3,9.9,22.1,5921300,86.13802333,2017
,,,,,,
Montana,6,8.5,18.5,1022600,7.025957429,2017
,,,,,,
Nebraska,7,8.3,17,1859200,24.20077059,2017
,,,,,,
Nevada,9.1,7.9,16.5,2946600,26.84071014,2017
,,,,,,
New Hampshire,5.9,11.4,18,1297000,144.8676421,2017
,,,,,,
New Jersey,8.5,8.2,14,8823900,1199.877618,2017
,,,,,,
New Mexico,5.7,11.8,16.6,2038200,16.8032449,2017
,,,,,,
New York,7.2,9.5,14.2,19315700,409.8735305,2017
,,,,,,
North Carolina,7.8,8,17.9,9948800,204.6320293,2017
,,,,,,
North Dakota,4.2,9,19.8,726000,10.52158664,2017
,,,,,,
Ohio,9.6,9.7,22.5,11323500,277.1224395,2017
,,,,,,
Oklahoma,8.1,10,19.6,3803700,55.45156353,2017
,,,,,,
Oregon,6.8,10.5,16.2,4063000,42.32820769,2017
,,,,,,
Pennsylvania,10.1,10.6,18,12389100,276.8947098,2017
,,,,,,
Rhode Island,7.5,10.7,14.4,1015900,982.4951644,2017
,,,,,,
South Carolina,7.8,8.8,20,4864600,161.8242906,2017
,,,,,,
South Dakota,5.5,6.2,18.1,837000,11.04061416,2017
,,,,,,
Tennessee,8.2,10.9,22.1,6538200,158.5594762,2017
,,,,,,
Texas,8.9,7.6,14.3,27621300,105.7347492,2017
,,,,,,
Utah,8.1,8.3,8.8,3047400,37.08652793,2017
,,,,,,
Vermont,5.5,10.2,17,600200,65.11880221,2017
,,,,,,
Virginia,7.5,8.6,15.3,8140700,206.1458597,2017
,,,,,,
Washington,7.8,9.6,13.9,7239800,108.9412544,2017
,,,,,,
West Virginia,7.7,11.8,24.8,1762100,73.30476745,2017
,,,,,,
Wisconsin,7.4,8.5,17.1,5643000,104.1951328,2017
,,,,,,
Wyoming,3.8,9.5,18.9,563300,5.801654084,2017
,,,,,,
Alabama,8.4,10.9,20.9,4752600,93.84144535,2018
,,,,,,
Alaska,7.4,8.4,21,709100,1.242637665,2018
,,,,,,
Arizona,9.7,9.8,15.6,7004300,61.66082716,2018
,,,,,,
Arkansas,7.1,9.6,22.3,2921300,56.1410589,2018
,,,,,,
California,11.9,7.9,11.3,38745900,248.7235122,2018
,,,,,,
Colorado,6.7,9.3,14.6,5555200,53.59989194,2018
,,,,,,
Connecticut,7.7,10.7,12.7,3466300,715.881867,2018
,,,,,,
Delaware,8.6,10.6,17,937700,481.1185223,2018
,,,,,,
Florida,7.1,7.5,16.1,20843500,388.6899767,2018
,,,,,,
Georgia,8.6,8.4,17.5,10212800,177.5737659,2018
,,,,,,
Hawaii,5.8,9.8,12.8,1354800,210.9294722,2018
,,,,,,
Idaho,6.7,9,14.3,1719600,20.80756991,2018
,,,,,,
Illinois,9.6,8.2,15.5,12438400,224.0386174,2018
,,,,,,
Indiana,8.7,10,21.8,6487100,181.0724055,2018
,,,,,,
Iowa,7.2,9.3,17.1,3056800,54.72545966,2018
,,,,,,
Kansas,6.9,9.1,17.4,2814700,34.42679093,2018
,,,,,,
Kentucky,8.2,10.7,24.6,4320300,109.413463,2018
,,,,,,
Louisiana,8,9,23.1,4519300,104.6037404,2018
,,,,,,
Maine,6.5,11.2,17.3,1299500,42.13273676,2018
,,,,,,
Maryland,8.3,9.4,13.8,5870800,604.8006593,2018
,,,,,,
Massachusetts,6,11.5,13.7,6659900,853.8333333,2018
,,,,,,
Michigan,8.3,10.8,19.3,9770000,172.8010754,2018
,,,,,,
Minnesota,7.1,7.3,14.5,5489000,68.93390433,2018
,,,,,,
Mississippi,7.6,8.3,22.2,2879400,61.36436289,2018
,,,,,,
Missouri,7.9,9.4,20.8,5934500,86.33004568,2018
,,,,,,
Montana,6.8,9.1,17.2,1034000,7.104283182,2018
,,,,,,
Nebraska,7.1,8.2,15.4,1868900,24.32703322,2018
,,,,,,
Nevada,8.8,10.4,17.6,2983400,27.17592297,2018
,,,,,,
New Hampshire,5,13.2,15.7,1310300,146.3531777,2018
,,,,,,
New Jersey,8.3,8.6,13.7,8728300,1186.87789,2018
,,,,,,
New Mexico,5.8,10.5,17.5,2045300,16.86177843,2018
,,,,,,
New York,7,9.2,14.1,19016900,403.5330815,2018
,,,,,,
North Carolina,7.4,9.2,17.2,10044400,206.5983792,2018
,,,,,,
North Dakota,4.5,8.6,18.3,730600,10.58825234,2018
,,,,,,
Ohio,9,9.9,21.1,11355900,277.9153716,2018
,,,,,,
Oklahoma,7.9,9.6,20.1,3816100,55.63233472,2018
,,,,,,
Oregon,7.7,10.9,16.1,4110800,42.82618661,2018
,,,,,,
Pennsylvania,9.7,10.1,18.7,12388100,276.8723599,2018
,,,,,,
Rhode Island,7.6,12.3,14.9,1014000,980.6576402,2018
,,,,,,
South Carolina,7.4,9.2,18.8,4929800,163.9932138,2018
,,,,,,
South Dakota,5.4,7.3,19.3,848700,11.19494532,2018
,,,,,,
Tennessee,7.7,10,22.6,6586400,159.7283861,2018
,,,,,,
Texas,8.6,7.3,15.7,28024000,107.2762908,2018
,,,,,,
Utah,8.3,8.9,8.9,3105900,37.79846659,2018
,,,,,,
Vermont,5.2,11.8,15.8,600600,65.16220028,2018
,,,,,,
Virginia,7.2,8.9,16.4,8182100,207.1942264,2018
,,,,,,
Washington,8,10.5,13.5,7368000,110.8703503,2018
,,,,,,
West Virginia,7.8,12.7,26,1752300,72.89707962,2018
,,,,,,
Wisconsin,6.8,9.5,16,5662800,104.5607297,2018
,,,,,,
Wyoming,5,9.1,18.7,560300,5.770755873,2018
,,,,,,
Alabama,8.1,10.5,19.2,4767100,94.127752,2019
,,,,,,
Alaska,6.4,9.2,19.1,701700,1.229669792,2019
,,,,,,
Arizona,9.7,10,14,7098000,62.48569467,2019
,,,,,,
Arkansas,7.1,9.8,22.7,2922500,56.1641203,2019
,,,,,,
California,12.8,8.5,11.2,38642700,248.0610352,2019
,,,,,,
Colorado,6.7,9.1,14.5,5611800,54.14600259,2019
,,,,,,
Connecticut,7.2,10.3,12.2,3453300,713.197026,2019
,,,,,,
Delaware,8.3,10.1,16.5,940300,482.4525398,2019
,,,,,,
Florida,7.4,8.7,14.5,20992000,391.4592075,2019
,,,,,,
Georgia,8.3,8.9,16.1,10294000,178.9856206,2019
,,,,,,
Hawaii,5.4,9.3,13.4,1343000,209.0923245,2019
,,,,,,
Idaho,6.8,8.6,14.7,1750900,21.18630737,2019
,,,,,,
Illinois,9.3,8.7,15.5,12362300,222.6679155,2019
,,,,,,
Indiana,8.4,10,21.1,6511800,181.7618489,2019
,,,,,,
Iowa,7.1,7.9,16.6,3060200,54.78632938,2019
,,,,,,
Kansas,7,9.8,17.2,2811200,34.38398219,2019
,,,,,,
Kentucky,8.1,11.5,23.4,4319300,109.3881376,2019
,,,,,,
Louisiana,7.9,8.9,20.5,4498600,104.1246181,2019
,,,,,,
Maine,5.9,12.3,17.8,1302300,42.22351911,2019
,,,,,,
Maryland,7.7,9.3,12.5,5875500,605.284846,2019
,,,,,,
Massachusetts,6.3,10.2,13.4,6650800,852.6666667,2019
,,,,,,
Michigan,8,11.2,18.9,9765600,172.723253,2019
,,,,,,
Minnesota,6.6,8.3,15.1,5514800,69.25791503,2019
,,,,,,
Mississippi,7.7,9.7,20.5,2867100,61.10223132,2019
,,,,,,
Missouri,7.5,9.4,19.4,5939900,86.40860027,2019
,,,,,,
Montana,6.6,10,18,1039400,7.141384854,2019
,,,,,,
Nebraska,7.1,8.9,16,1873600,24.38821202,2019
,,,,,,
Nevada,9,8,15.7,3029700,27.59767173,2019
,,,,,,
New Hampshire,4.4,11.8,15.6,1314000,146.766447,2019
,,,,,,
New Jersey,8.1,8.4,13.1,8699400,1182.948055,2019
,,,,,,
New Mexico,6,9.9,15.2,2041400,16.82962621,2019
,,,,,,
New York,6.6,10.1,12.8,18908300,401.2286211,2019
,,,,,,
North Carolina,7.2,9.4,17.4,10139700,208.5585586,2019
,,,,,,
North Dakota,4.6,8.2,19.1,731000,10.59404936,2019
,,,,,,
Ohio,8.5,9.4,20.5,11351500,277.8076895,2019
,,,,,,
Oklahoma,8.2,10.3,19.7,3826900,55.7897806,2019
,,,,,,
Oregon,7.8,11.6,15.6,4128900,43.01475184,2019
,,,,,,
Pennsylvania,9.2,10,17,12377600,276.6376863,2019
,,,,,,
Rhode Island,7.3,11.9,14.6,1017100,983.655706,2019
,,,,,,
South Carolina,7.4,9.1,18,4984200,165.8028675,2019
,,,,,,
South Dakota,5.1,7.9,19,851300,11.22924114,2019
,,,,,,
Tennessee,7.4,9.8,20.7,6640900,161.0500788,2019
,,,,,,
Texas,8.3,7.4,14.4,28286200,108.2799963,2019
,,,,,,
Utah,8.4,9.3,9,3154100,38.38505537,2019
,,,,,,
Vermont,5.1,12,13.7,598100,64.89096235,2019
,,,,,,
Virginia,6.9,8.5,14.9,8185100,207.270195,2019
,,,,,,
Washington,8,9.6,12,7423900,111.7115084,2019
,,,,,,
West Virginia,7.6,12.3,25.2,1739000,72.343789,2019
,,,,,,
Wisconsin,6.8,9,16.4,5677100,104.824772,2019
,,,,,,
Wyoming,5,8.7,18.8,562700,5.795474442,2019
,,,,,,
Alabama,8,9.5,20.2,5024279,99.20582486,2020
,,,,,,
Alaska,6.9,9.9,17.4,733391,1.285205585,2020
,,,,,,
Arizona,8.6,9.7,14.9,7151502,62.95668785,2020
,,,,,,
Arkansas,7.3,9.3,20.2,3011524,57.87496877,2020
,,,,,,
California,12.6,7.8,10,39538223,253.8097112,2020
,,,,,,
Colorado,6.7,9.7,13.5,5773714,55.70824569,2020
,,,,,,
Connecticut,7,10.5,12.1,3605944,744.7220157,2020
,,,,,,
Delaware,8.3,9.8,15.9,989948,507.926116,2020
,,,,,,
Florida,7.3,7.4,14.8,21538187,401.6445128,2020
,,,,,,
Georgia,7.9,7.7,16.3,10711908,186.251943,2020
,,,,,,
Hawaii,4.8,9.6,12.3,1455271,226.5718512,2020
,,,,,,
Idaho,6.6,10,15.3,1839106,22.253621,2020
,,,,,,
Illinois,9.5,8.2,14.5,12812508,230.7769953,2020
,,,,,,
Indiana,8.7,9.8,19.2,6785528,189.4023335,2020
,,,,,,
Iowa,7.3,8,16.4,3190369,57.11672664,2020
,,,,,,
Kansas,7.4,9.9,16.2,2937880,35.93341406,2020
,,,,,,
Kentucky,7.9,9.5,23.6,4505836,114.1122423,2020
,,,,,,
Louisiana,8,7.9,21.9,4657757,107.8084668,2020
,,,,,,
Maine,5.3,11.8,17.6,1362359,44.17076808,2020
,,,,,,
Maryland,7.2,9,12.7,6177224,636.3679819,2020
,,,,,,
Massachusetts,6.4,10.3,12,7029917,901.2714103,2020
,,,,,,
Michigan,8,11.1,18.7,10077331,178.23681,2020
,,,,,,
Minnesota,6.8,8.3,14.6,5706494,71.66531453,2020
,,,,,,
Mississippi,7.8,9.9,20.4,2961279,63.10932805,2020
,,,,,,
Missouri,7.6,10.1,19.6,6154913,89.53642606,2020
,,,,,,
Montana,6.3,10,16.6,1084225,7.449363088,2020
,,,,,,
Nebraska,7,8,14.7,1961504,25.53243778,2020
,,,,,,
Nevada,8.3,9.4,15.7,3104614,28.28006668,2020
,,,,,,
New Hampshire,4.1,10.8,15.9,1377529,153.8622808,2020
,,,,,,
New Jersey,8,8.4,13.1,9288994,1263.121295,2020
,,,,,,
New Mexico,5.9,8.4,16,2117522,17.45718808,2020
,,,,,,
New York,6.4,9.3,12.7,20201249,428.6646225,2020
,,,,,,
North Carolina,7,8.3,18.5,10439388,214.7226953,2020
,,,,,,
North Dakota,5,8.1,17,779094,11.29105375,2020
,,,,,,
Ohio,8.7,11.1,20.8,11799448,288.7704168,2020
,,,,,,
Oklahoma,8.4,10.2,18.9,3959353,57.72072308,2020
,,,,,,
Oregon,8.3,11.1,14.5,4237256,44.14360128,2020
,,,,,,
Pennsylvania,8.8,10.9,17.3,13002700,290.6085868,2020
,,,,,,
Rhode Island,7,11.2,13.3,1097379,1061.294971,2020
,,,,,,
South Carolina,7.2,9.4,17.5,5118425,170.2679552,2020
,,,,,,
South Dakota,5.2,8.5,18.3,886667,11.69575655,2020
,,,,,,
Tennessee,7.2,8.8,19.9,6910840,167.5964593,2020
,,,,,,
Texas,8.4,7.1,14.7,29145505,111.5694287,2020
,,,,,,
Utah,7.8,9.9,7.9,3271616,39.81521236,2020
,,,,,,
Vermont,4.8,11.6,15.1,643077,69.7707497,2020
,,,,,,
Virginia,6.9,8.8,14,8631393,218.5716131,2020
,,,,,,
Washington,8.3,9.9,12.6,7705281,115.9456031,2020
,,,,,,
West Virginia,7.4,11.5,23.8,1793716,74.6200183,2020
,,,,,,
Wisconsin,7,10.2,15.4,5893718,108.8245135,2020
,,,,,,
Wyoming,4.5,9.5,18.4,576851,5.941221303,2020
