Location,Asthma,Smoking,Population,Median AQI,Population Density,Crowded Housing,Access to Care - Annual
Alabama,8.0,24.3,4696000.0,40.1764705882353,92.72386217790502,,
Alaska,8.2,22.9,706200.0,22.125,1.2375556610898972,,
Arizona,9.7,19.3,6386300.0,49.53846153846154,56.22039896473405,,
Arkansas,9.5,27.0,2860200.0,38.07142857142857,54.96684923609109,,
California,8.4,13.7,37221500.0,48.7037037037037,238.93785426790518,,
Colorado,8.3,18.3,5045900.0,40.25806451612903,48.68586094440478,,
Connecticut,9.9,17.1,3479300.0,42.375,718.5667079719125,,
Delaware,9.8,21.7,888000.0,43.333333333333336,455.6182657773217,,
Florida,7.6,19.3,18876900.0,35.8974358974359,352.0167832167832,,
Georgia,9.6,21.2,9616400.0,42.90625,167.20393650131274,,
Hawaii,9.5,16.8,1330300.0,64.0,207.115055270123,,
Idaho,9.2,17.2,1562500.0,23.866666666666667,18.906622460462472,,
Illinois,8.1,20.9,12567900.0,36.92307692307692,226.37115221815955,,
Indiana,9.6,25.6,6338800.0,39.61904761904762,176.93295372076145,,
Iowa,8.3,20.4,2976000.0,41.73684210526316,53.27890864171008,,
Kansas,8.8,22.0,2787500.0,34.84615384615385,34.094105847674264,,
Kentucky,10.4,29.0,4235100.0,41.86206896551724,107.25573621030239,,
Louisiana,6.4,25.7,4457000.0,41.54545454545455,103.16174428293677,,
Maine,12.0,22.8,1292600.0,34.0,41.909023117076806,,
Maryland,8.5,19.1,5722700.0,45.266666666666666,589.5436283094674,,
Massachusetts,10.7,18.2,6410600.0,38.416666666666664,821.8717948717949,,
Michigan,9.9,23.3,9659300.0,39.82142857142857,170.84313482728737,,
Minnesota,7.0,19.1,5256300.0,33.285714285714285,66.01152875280998,,
Mississippi,7.7,26.0,2884500.0,40.45454545454545,61.47305159516655,,
Missouri,9.2,25.0,5830600.0,44.22727272727273,84.81859707311396,,
Montana,9.1,22.1,978700.0,28.842105263157894,6.724334574636197,,
Nebraska,7.3,20.0,1795100.0,33.45454545454545,23.36639591794231,,
Nevada,8.1,22.9,2710900.0,36.2,24.693708383053533,,
New Hampshire,11.0,19.4,1280100.0,37.142857142857146,142.98000670166425,,
New Jersey,9.0,16.8,8685500.0,40.625,1181.0579276584172,,
New Mexico,10.0,21.5,2039200.0,32.77777777777778,16.81148906000099,,
New York,9.7,18.1,19040100.0,35.84848484848485,404.0253787718033,,
North Carolina,8.8,21.8,9439200.0,39.5,194.1503146982599,,
North Dakota,8.1,21.9,671900.0,33.666666666666664,9.737540035651657,,
Ohio,9.8,25.1,11222100.0,40.95238095238095,274.6408555835638,,
Oklahoma,9.6,26.1,3689500.0,42.81818181818182,53.78671914862599,,
Oregon,10.4,19.7,3825500.0,27.416666666666668,39.853940075842814,,
Pennsylvania,9.0,22.4,12347600.0,43.78947368421053,275.9671903984981,,
Rhode Island,11.8,20.0,1007900.0,39.0,974.7582205029014,,
South Carolina,8.2,23.1,4569100.0,38.8421052631579,151.9942783007884,,
South Dakota,6.9,23.0,800400.0,38.888888888888886,10.557834615029481,,
Tennessee,7.2,23.0,6277400.0,39.30434782608695,152.23475203104158,,
Texas,7.4,19.2,25384300.0,40.23255813953488,97.17147975745698,,
Utah,8.8,11.8,2801700.0,44.13333333333333,34.096385542168676,,
Vermont,11.1,19.1,600700.0,30.25,65.17304979928393,,
Virginia,8.7,20.9,7865500.0,32.5,199.17700683717396,,
Washington,9.7,17.5,6732900.0,26.275862068965516,101.3136511375948,,
West Virginia,9.2,28.6,1801800.0,39.266666666666666,74.9563191613279,,
Wisconsin,9.2,20.9,5566100.0,36.34375,102.77521326489162,,
Wyoming,9.1,23.0,559000.0,34.78947368421053,5.757366648471054,,
Alabama,8.6,23.8,4705800.0,37.166666666666664,92.91736597887254,,
Alaska,9.0,20.5,705100.0,20.375,1.2356280042969223,,
Arizona,8.6,17.1,6465700.0,46.46153846153846,56.91937954469426,,
Arkansas,8.8,25.0,2868600.0,34.90909090909091,55.12827904295186,,
California,8.8,12.6,37511300.0,49.425925925925924,240.7981820399412,,
Colorado,8.9,17.7,5130200.0,39.63333333333333,49.49923776075336,,
Connecticut,9.9,16.0,3479000.0,44.0,718.5047501032631,,
Delaware,9.9,19.7,898500.0,42.0,461.00564391995897,,
Florida,8.2,17.7,19093200.0,34.921052631578945,356.05034965034963,,
Georgia,8.2,20.4,9690900.0,38.5625,168.49929581138178,,
Hawaii,8.9,14.6,1331500.0,53.5,207.30188385489646,,
Idaho,8.5,16.4,1580900.0,24.214285714285715,19.129266846556877,,
Illinois,8.5,18.6,12571100.0,34.57692307692308,226.42879014391468,,
Indiana,9.1,24.0,6366500.0,37.42857142857143,177.70613520906605,,
Iowa,8.1,18.1,2990300.0,39.473684210526315,53.53491952664841,,
Kansas,8.4,19.4,2796500.0,32.46153846153846,34.20418547193581,,
Kentucky,11.1,28.3,4260900.0,38.0,107.90913235070659,,
Louisiana,7.4,24.8,4483200.0,38.77272727272727,103.76816961392464,,
Maine,11.1,20.3,1291900.0,34.72727272727273,41.88632752974743,,
Maryland,9.0,16.2,5767500.0,42.06666666666667,594.1588544349438,,
Massachusetts,10.8,16.4,6451500.0,38.416666666666664,827.1153846153846,,
Michigan,10.5,23.3,9664300.0,36.357142857142854,170.9315693592034,,
Minnesota,8.0,18.8,5287800.0,33.95,66.40712321197584,,
Mississippi,8.1,24.0,2889200.0,37.3,61.57321569379622,,
Missouri,10.4,23.9,5853100.0,41.09090909090909,85.14590788746327,,
Montana,9.5,19.7,986300.0,28.210526315789473,6.776551743091531,,
Nebraska,7.4,19.7,1811200.0,27.09090909090909,23.57596584400708,,
Nevada,7.4,18.1,2745400.0,37.5,25.007970413823887,,
New Hampshire,10.2,17.2,1280700.0,36.857142857142854,143.04702334413045,,
New Jersey,8.7,17.3,8716900.0,39.125,1185.3277128093555,,
New Mexico,9.2,19.3,2040200.0,33.5,16.819733219014328,,
New York,9.3,16.2,19119600.0,35.37931034482759,405.712345626618,,
North Carolina,7.7,20.9,9522500.0,36.297872340425535,195.86367189106915,,
North Dakota,7.6,21.2,693500.0,37.111111111111114,10.050578977116274,,
Ohio,10.5,23.3,11239600.0,37.292682926829265,275.0691368297399,,
Oklahoma,10.2,23.3,3726900.0,39.391304347826086,54.331948392739996,,
Oregon,10.6,17.9,3851600.0,31.625,40.125849064466394,,
Pennsylvania,10.1,21.4,12344300.0,41.82051282051282,275.89343584471317,,
Rhode Island,10.8,17.4,1008600.0,39.333333333333336,975.4352030947775,,
South Carolina,8.7,22.5,4616200.0,33.73684210526316,153.5610924453611,,
South Dakota,7.5,22.0,811600.0,37.44444444444444,10.705570431731543,,
Tennessee,7.7,24.9,6318700.0,38.4,153.23632836182855,,
Texas,6.8,18.2,25773000.0,38.58139534883721,98.65942916641147,,
Utah,8.9,10.6,2849400.0,44.733333333333334,34.67688937568455,,
Vermont,10.9,16.5,602700.0,30.25,65.39004014321362,,
Virginia,8.7,19.0,7945700.0,31.194444444444443,201.20790073436314,,
Washington,9.7,17.2,6797800.0,27.448275862068964,102.29023714939208,,
West Virginia,10.2,28.2,1798200.0,35.4,74.80655628588069,,
Wisconsin,8.6,20.4,5592500.0,34.45454545454545,103.26267587429373,,
Wyoming,9.0,21.8,567300.0,36.77777777777778,5.842851698886634,,
Alabama,8.5,21.5,4714100.0,38.166666666666664,93.08125185112054,,
Alaska,9.3,22.6,706600.0,23.375,1.2382566271964335,,
Arizona,8.9,16.3,6556200.0,46.23076923076923,57.716076553339086,,
Arkansas,8.3,25.9,2880000.0,33.36363636363637,55.3473623522629,,
California,8.7,12.5,37981600.0,48.888888888888886,243.81720257544342,,
Colorado,8.7,17.7,5217000.0,36.6,50.336736072248705,,
Connecticut,9.8,15.5,3480400.0,41.875,718.7938868236266,,
Delaware,10.6,19.6,905300.0,44.666666666666664,464.49461262185736,,
Florida,8.3,16.8,19431100.0,36.23076923076923,362.3515151515152,,
Georgia,8.4,18.8,9792900.0,41.03125,170.27280788691252,,
Hawaii,9.4,13.3,1348100.0,48.75,209.8863459442628,,
Idaho,8.5,17.2,1598800.0,25.09090909090909,19.345861113463936,,
Illinois,7.6,18.0,12569400.0,34.38461538461539,226.39816999585727,,
Indiana,10.3,21.9,6386700.0,37.28888888888889,178.2699715290571,,
Iowa,7.8,19.5,3002100.0,37.68421052631579,53.74617326387024,,
Kansas,8.9,20.0,2810700.0,32.416666666666664,34.377866656881814,,
Kentucky,9.5,26.5,4268800.0,38.58620689655172,108.10920326191561,,
Louisiana,7.7,23.5,4508500.0,38.36363636363637,104.35376354041293,,
Maine,11.9,20.2,1293800.0,33.90909090909091,41.947929838212886,,
Maryland,9.4,16.4,5819300.0,43.0625,599.495209642526,,
Massachusetts,11.4,16.6,6506500.0,38.46153846153846,834.1666666666666,,
Michigan,11.5,21.4,9682700.0,37.464285714285715,171.25700843665433,,
Minnesota,7.7,18.0,5330400.0,31.761904761904763,66.9421176234192,,
Mississippi,8.2,24.8,2886800.0,38.3,61.522068068964046,,
Missouri,10.8,22.1,5870200.0,39.09090909090909,85.39466410636874,,
Montana,8.6,19.0,993700.0,27.263157894736842,6.8273947755348825,,
Nebraska,7.3,18.5,1823700.0,25.545454545454547,23.738675413933144,,
Nevada,7.6,19.4,2795200.0,41.0,25.461600823457612,,
New Hampshire,11.0,16.2,1286500.0,37.42857142857143,143.69485088797052,,
New Jersey,9.0,15.7,8756200.0,39.625,1190.6717432689693,,
New Mexico,9.2,19.1,2036700.0,33.05882352941177,16.79087866246764,,
New York,9.7,16.6,19216400.0,35.10344827586207,407.76641344480754,,
North Carolina,8.4,20.3,9632900.0,38.59574468085106,198.1344358056687,,
North Dakota,8.3,21.2,708400.0,35.0,10.266517876552514,,
Ohio,9.7,23.4,11270300.0,37.63414634146341,275.820464501603,,
Oklahoma,9.0,23.7,3749500.0,38.90909090909091,54.66141847073402,,
Oregon,11.4,17.3,3889600.0,27.695652173913043,40.52173188315206,,
Pennsylvania,9.6,21.0,12368000.0,42.23076923076923,276.4231276400778,,
Rhode Island,12.0,17.4,1013700.0,37.0,980.3675048355899,,
South Carolina,8.4,22.0,4674300.0,37.73684210526316,155.49382921393166,,
South Dakota,7.9,19.6,821600.0,33.22222222222222,10.837477410929813,,
Tennessee,7.1,24.3,6374800.0,38.25,154.59682308718322,,
Texas,7.3,15.9,26280100.0,37.76744186046512,100.60061554480309,,
Utah,9.0,10.3,2891800.0,41.4,35.19289278325423,,
Vermont,11.3,16.6,600000.0,29.0,65.09710317890854,,
Virginia,8.7,19.0,8006000.0,31.885714285714286,202.73486958723728,,
Washington,9.9,16.1,6887600.0,25.17241379310345,103.64150716263393,,
West Virginia,9.0,27.3,1791600.0,34.93333333333333,74.53199101422747,,
Wisconsin,10.4,18.7,5603600.0,37.18518518518518,103.467631744156,,
Wyoming,9.1,20.6,568500.0,35.10526315789474,5.855210983284068,,
Alabama,9.5,21.1,4730100.0,39.333333333333336,93.39717642412874,,
Alaska,8.1,19.9,707500.0,23.125,1.2398338009361403,,
Arizona,9.6,16.5,6655100.0,43.61538461538461,58.58672112963713,,
Arkansas,8.8,24.7,2882300.0,32.45454545454545,55.39156337080811,,
California,7.8,12.8,38325100.0,49.425925925925924,246.02224946879875,,
Colorado,8.4,15.7,5315400.0,35.45161290322581,51.286158121224986,,
Connecticut,9.2,15.4,3478100.0,41.0,718.3188764973152,,
Delaware,8.8,19.9,918300.0,43.666666666666664,471.1646998460749,,
Florida,8.0,17.6,19812500.0,34.51282051282051,369.46386946386946,,
Georgia,8.3,17.4,9909700.0,37.8125,172.30365308712814,,
Hawaii,9.2,14.1,1362600.0,52.25,212.14385801027558,,
Idaho,8.6,15.9,1617200.0,23.857142857142858,19.56850549955834,,
Illinois,9.1,16.5,12549700.0,34.76923076923077,226.04333651542714,,
Indiana,10.7,22.9,6415100.0,35.17777777777778,179.06269189973762,,
Iowa,8.5,18.5,3019800.0,36.1578947368421,54.06305386970299,,
Kansas,8.7,18.1,2816600.0,32.27272727272727,34.450029966119935,,
Kentucky,11.9,26.2,4283400.0,38.785714285714285,108.47895456617535,,
Louisiana,7.7,24.0,4530300.0,36.72727272727273,104.85834644940283,,
Maine,11.6,19.3,1292600.0,32.75,41.909023117076806,,
Maryland,8.5,14.6,5838300.0,43.4375,601.4525600082414,,
Massachusetts,12.0,14.7,6555600.0,36.23076923076923,840.4615384615385,,
Michigan,10.9,21.2,9693800.0,36.67857142857143,171.4533330975079,,
Minnesota,8.4,16.3,5365600.0,31.428571428571427,67.38417873334421,,
Mississippi,7.4,23.0,2889300.0,35.63636363636363,61.5753468448309,,
Missouri,9.7,20.6,5890900.0,35.82608695652174,85.6957900555701,,
Montana,9.6,19.9,1005900.0,28.473684210526315,6.911217072265813,,
Nebraska,7.7,17.3,1838400.0,26.09090909090909,23.930021868166197,,
Nevada,8.1,17.0,2842700.0,39.55555555555556,25.89428043103998,,
New Hampshire,10.2,17.5,1287600.0,37.42857142857143,143.8177147324919,,
New Jersey,8.3,15.1,8776300.0,39.625,1193.404949687245,,
New Mexico,9.9,19.1,2035300.0,28.470588235294116,16.779336839848966,,
New York,10.7,14.4,19269200.0,35.724137931034484,408.8868140729109,,
North Carolina,7.8,19.1,9733700.0,37.733333333333334,200.2077419885639,,
North Dakota,8.7,19.9,726400.0,33.1,10.527383661106361,,
Ohio,10.8,21.0,11293300.0,36.73170731707317,276.38334842514865,,
Oklahoma,9.7,21.1,3783700.0,35.56521739130435,55.15999708433559,,
Oregon,10.2,17.0,3948700.0,28.869565217391305,41.137433845897405,,
Pennsylvania,9.8,19.9,12386400.0,42.21052631578947,276.8343651520908,,
Rhode Island,10.8,16.3,1014400.0,39.666666666666664,981.0444874274662,,
South Carolina,8.3,21.5,4734000.0,35.89473684210526,157.4797910914474,,
South Dakota,7.5,18.6,829000.0,33.3,10.93508857553653,,
Tennessee,8.9,24.2,6422800.0,36.333333333333336,155.7608827452407,,
Texas,6.7,14.5,26777500.0,37.19512195121951,102.50467017823237,,
Utah,8.7,9.7,2945200.0,40.5,35.842764999391505,,
Vermont,11.3,16.4,602400.0,29.0,65.35749159162417,,
Virginia,8.6,19.5,8051200.0,32.22857142857143,203.87946315522916,,
Washington,9.3,15.3,7002800.0,27.17241379310345,105.37498495244974,,
West Virginia,11.0,26.7,1791500.0,34.46666666666667,74.52783093435394,,
Wisconsin,10.3,17.4,5620900.0,36.32142857142857,103.78706746925661,,
Wyoming,8.3,19.5,568900.0,34.78947368421053,5.859330744749879,,
Alabama,9.9,21.4,4730100.0,39.388888888888886,93.39717642412874,,
Alaska,9.2,19.1,714900.0,24.142857142857142,1.2528016739070624,,
Arizona,9.3,14.0,6760900.0,45.69230769230769,59.51810835079318,,
Arkansas,10.1,24.9,2895400.0,33.54545454545455,55.643316998174306,,
California,7.7,11.7,38442400.0,46.388888888888886,246.77523928128952,,
Colorado,9.0,15.6,5398100.0,35.1875,52.08409718067965,,
Connecticut,10.5,13.5,3465100.0,40.25,715.6340355225113,,
Delaware,9.2,17.4,924300.0,41.333333333333336,474.24320164186764,,
Florida,7.4,15.8,20144000.0,37.1025641025641,375.64568764568764,,
Georgia,9.2,17.7,10001000.0,38.5,173.89112026846104,,
Hawaii,10.0,14.1,1364600.0,54.25,212.45523898489802,,
Idaho,9.1,13.8,1650700.0,23.61904761904762,19.973863485110655,,
Illinois,8.4,15.1,12491200.0,32.592592592592595,224.98964318521587,,
Indiana,10.2,20.6,6431400.0,33.357142857142854,179.51766873220566,,
Iowa,7.6,18.1,3030400.0,34.10526315789474,54.25282417602091,,
Kansas,8.7,17.7,2817000.0,31.90909090909091,34.4549223938649,,
Kentucky,11.9,25.9,4287700.0,39.357142857142854,108.58785392290939,,
Louisiana,8.2,21.9,4530500.0,37.31818181818182,104.86297565040275,,
Maine,11.2,19.5,1293800.0,31.818181818181817,41.947929838212886,,
Maryland,8.8,15.1,5856500.0,41.1875,603.3274956217163,,
Massachusetts,10.2,14.0,6570600.0,35.76923076923077,842.3846153846154,,
Michigan,10.2,20.7,9693500.0,34.714285714285715,171.44802702559295,,
Minnesota,7.4,16.2,5392900.0,28.65,67.7270272646213,,
Mississippi,7.8,22.5,2887300.0,36.90909090909091,61.53272382413741,,
Missouri,9.6,22.3,5898000.0,34.0,85.79907480143144,,
Montana,8.9,18.9,1015100.0,26.68421052631579,6.974427328817006,,
Nebraska,7.2,17.1,1845000.0,25.5,24.01593252108716,,
Nevada,8.1,17.5,2890400.0,36.77777777777778,26.32878184749638,,
New Hampshire,10.1,15.9,1291300.0,36.0,144.2309840277002,,
New Jersey,7.2,13.5,8762700.0,39.625,1191.5556159912971,,
New Mexico,9.9,17.5,2029400.0,30.5625,16.730696301670267,,
New York,9.9,15.2,19221500.0,34.758620689655174,407.8746339600221,,
North Carolina,8.2,19.0,9829900.0,36.8421052631579,202.1864330083508,,
North Dakota,9.0,18.7,725900.0,30.1,10.520137389313199,,
Ohio,10.0,21.6,11278700.0,35.829268292682926,276.0260394997675,,
Oklahoma,9.5,22.2,3800800.0,36.24,55.40928639113638,,
Oregon,11.2,17.1,4014500.0,24.636363636363637,41.82293620035838,,
Pennsylvania,10.2,18.1,12364700.0,40.526315789473685,276.3493730862928,,
Rhode Island,11.0,15.5,1013900.0,37.0,980.5609284332688,,
South Carolina,8.2,19.7,4805300.0,37.3,159.8516350088154,,
South Dakota,8.4,20.1,835800.0,30.9,11.024785321391354,,
Tennessee,9.0,21.9,6467700.0,36.416666666666664,156.84976355038197,,
Texas,7.6,15.2,27178300.0,32.91489361702128,104.03893856801616,,
Utah,9.0,9.1,2999300.0,39.5,36.50115613971035,,
Vermont,11.0,16.0,599600.0,29.0,65.05370511012259,,
Virginia,7.9,16.5,8080900.0,30.029411764705884,204.63155229171943,,
Washington,9.4,15.0,7124100.0,24.103448275862068,107.20025279884435,,
West Virginia,10.8,25.7,1781700.0,34.357142857142854,74.12014310674765,,
Wisconsin,9.5,17.3,5623300.0,34.642857142857146,103.83138225192954,,
Wyoming,8.0,19.1,569400.0,37.27777777777778,5.864480446582143,,
Alabama,9.7,21.5,4741400.0,38.27777777777778,93.62029815381578,,
Alaska,8.8,19.0,710100.0,22.0,1.2443900806286263,,
Arizona,9.4,14.7,6841300.0,47.23076923076923,60.22589221261686,,
Arkansas,8.5,23.6,2910000.0,37.09090909090909,55.92389737676564,,
California,7.8,11.0,38713900.0,49.0188679245283,248.5180929393564,,
Colorado,8.8,15.6,5461100.0,36.4375,52.69195885837788,,
Connecticut,10.5,13.3,3478700.0,38.25,718.4427922346138,,
Delaware,8.5,17.7,931700.0,41.333333333333336,478.04002052334533,,
Florida,6.7,15.5,20532300.0,36.8974358974359,382.8867132867133,,
Georgia,8.5,17.9,10121400.0,37.12903225806452,175.9845600125189,,
Hawaii,10.7,13.1,1356100.0,52.5,211.13186984275262,,
Idaho,9.3,14.5,1682100.0,27.38095238095238,20.35381097007611,,
Illinois,8.9,15.8,12496600.0,36.23076923076923,225.0869071849277,,
Indiana,10.2,21.1,6459400.0,35.51219512195122,180.2992240272428,,
Iowa,7.8,16.7,3045600.0,35.77777777777778,54.52494763413717,,
Kansas,8.8,17.2,2817600.0,32.63636363636363,34.462261035482335,,
Kentucky,11.6,24.5,4307100.0,39.07142857142857,109.07916729980246,,
Louisiana,8.4,22.8,4541500.0,34.95652173913044,105.11758170539765,,
Maine,12.2,19.8,1300200.0,33.81818181818182,42.155432350938625,,
Maryland,9.4,13.7,5892900.0,39.76470588235294,607.0773668486659,,
Massachusetts,10.3,13.6,6620600.0,37.46153846153846,848.7948717948718,,
Michigan,10.9,20.4,9720300.0,35.42857142857143,171.92203611666284,,
Minnesota,7.6,15.2,5446600.0,31.55,68.40142162834215,,
Mississippi,8.0,22.7,2884500.0,35.81818181818182,61.47305159516655,,
Missouri,9.9,22.1,5921300.0,35.791666666666664,86.13802333362428,,
Montana,8.5,18.5,1022600.0,30.894736842105264,7.025957429266349,,
Nebraska,8.3,17.0,1859200.0,28.555555555555557,24.20077059252317,,
Nevada,7.9,16.5,2946600.0,38.111111111111114,26.8407101410991,,
New Hampshire,11.4,18.0,1297000.0,36.0,144.86764213112923,,
New Jersey,8.2,14.0,8823900.0,38.4375,1199.8776176230622,,
New Mexico,11.8,16.6,2038200.0,31.875,16.80324490098765,,
New York,9.5,14.2,19315700.0,32.61290322580645,409.8735305351611,,
North Carolina,8.0,17.9,9948800.0,36.55263157894737,204.63202928956355,,
North Dakota,9.0,19.8,726000.0,33.27272727272727,10.521586643671831,,
Ohio,9.7,22.5,11323500.0,35.46341463414634,277.1224394899782,,
Oklahoma,10.0,19.6,3803700.0,35.42857142857143,55.45156352503827,,
Oregon,10.5,16.2,4063000.0,28.695652173913043,42.32820769262825,,
Pennsylvania,10.6,18.0,12389100.0,40.68421052631579,276.8947097870058,,
Rhode Island,10.7,14.4,1015900.0,34.333333333333336,982.495164410058,,
South Carolina,8.8,20.0,4864600.0,35.578947368421055,161.82429060909485,,
South Dakota,6.2,18.1,837000.0,31.6,11.040614158895147,,
Tennessee,10.9,22.1,6538200.0,36.82608695652174,158.55947617315388,,
Texas,7.6,14.3,27621300.0,32.87755102040816,105.73474918846084,,
Utah,8.3,8.8,3047400.0,44.214285714285715,37.08652792990142,,
Vermont,10.2,17.0,600200.0,29.25,65.1188022133015,,
Virginia,8.6,15.3,8140700.0,29.742857142857144,206.14585971131933,,
Washington,9.6,13.9,7239800.0,26.966666666666665,108.94125436378957,,
West Virginia,11.8,24.8,1762100.0,31.5,73.30476745153507,,
Wisconsin,8.5,17.1,5643000.0,35.67857142857143,104.19513275970309,,
Wyoming,9.5,18.9,563300.0,38.470588235294116,5.801654084228523,,
Alabama,10.9,20.9,4752600.0,36.411764705882355,93.84144535492152,1.9,
Alaska,8.4,21.0,709100.0,22.0,1.2426376653622855,7.2,
Arizona,9.8,15.6,7004300.0,44.92307692307692,61.660827156363894,4.4,
Arkansas,9.6,22.3,2921300.0,35.416666666666664,56.14105890266167,2.5,
California,7.9,11.3,38745900.0,48.79245283018868,248.72351215504014,8.3,
Colorado,9.3,14.6,5555200.0,39.06060606060606,53.59989193570174,2.7,
Connecticut,10.7,12.7,3466300.0,37.625,715.8818669971087,1.9,
Delaware,10.6,17.0,937700.0,40.0,481.11852231913804,1.3,
Florida,7.5,16.1,20843500.0,34.69230769230769,388.6899766899767,3.0,
Georgia,8.4,17.5,10212800.0,34.793103448275865,177.5737659311808,2.2,
Hawaii,9.8,12.8,1354800.0,37.75,210.92947220924802,8.9,
Idaho,9.0,14.3,1719600.0,26.19047619047619,20.80756990912721,2.6,
Illinois,8.2,15.5,12438400.0,35.074074074074076,224.03861741025594,2.5,
Indiana,10.0,21.8,6487100.0,33.625,181.07240551554736,1.6,
Iowa,9.3,17.1,3056800.0,38.1875,54.725459655907045,1.7,
Kansas,9.1,17.4,2814700.0,32.63636363636363,34.426790934331386,2.6,
Kentucky,10.7,24.6,4320300.0,37.888888888888886,109.41346299954414,2.0,
Louisiana,9.0,23.1,4519300.0,33.65217391304348,104.60374039440792,2.2,
Maine,11.2,17.3,1299500.0,35.0,42.132736763609245,1.5,
Maryland,9.4,13.8,5870800.0,37.64705882352941,604.8006593180179,2.2,
Massachusetts,11.5,13.7,6659900.0,36.92307692307692,853.8333333333334,1.9,
Michigan,10.8,19.3,9770000.0,35.42857142857143,172.8010753639081,1.7,
Minnesota,7.3,14.5,5489000.0,32.0,68.93390432893365,2.1,
Mississippi,8.3,22.2,2879400.0,36.54545454545455,61.364362892398184,2.5,
Missouri,9.4,20.8,5934500.0,34.125,86.33004567804254,1.9,
Montana,9.1,17.2,1034000.0,29.42105263157895,7.1042831819493495,2.1,
Nebraska,8.2,15.4,1868900.0,27.555555555555557,24.327033218785797,2.2,
Nevada,10.4,17.6,2983400.0,37.0,27.175922973920805,4.3,
New Hampshire,13.2,15.7,1310300.0,35.285714285714285,146.35317770579695,1.6,
New Jersey,8.6,13.7,8728300.0,38.4375,1186.8778895839,3.4,
New Mexico,10.5,17.5,2045300.0,33.1875,16.86177842998236,3.0,
New York,9.2,14.1,19016900.0,31.193548387096776,403.53308152612146,5.0,
North Carolina,9.2,17.2,10044400.0,35.5,206.59837920111892,2.2,
North Dakota,8.6,18.3,730600.0,35.6,10.588252344168925,1.8,
Ohio,9.9,21.1,11355900.0,34.73809523809524,277.9153716257556,1.4,
Oklahoma,9.6,20.1,3816100.0,35.84615384615385,55.632334718273924,2.9,
Oregon,10.9,16.1,4110800.0,29.130434782608695,42.826186606659164,3.1,
Pennsylvania,10.1,18.7,12388100.0,36.975,276.8723599222225,1.5,
Rhode Island,12.3,14.9,1014000.0,35.0,980.6576402321083,1.9,
South Carolina,9.2,18.8,4929800.0,34.166666666666664,163.9932137986095,1.9,
South Dakota,7.3,19.3,848700.0,32.1,11.194945324557123,2.2,
Tennessee,10.0,22.6,6586400.0,35.17391304347826,159.7283860797866,1.8,
Texas,7.3,15.7,28024000.0,31.959183673469386,107.27629080663931,4.8,
Utah,8.9,8.9,3105900.0,44.266666666666666,37.79846659364732,3.5,
Vermont,11.8,15.8,600600.0,29.75,65.16220028208745,1.2,
Virginia,8.9,16.4,8182100.0,28.470588235294116,207.19422638642695,2.0,
Washington,10.5,13.5,7368000.0,26.1,110.87035030697002,3.3,
West Virginia,12.7,26.0,1752300.0,28.5625,72.89707962392878,1.2,
Wisconsin,9.5,16.0,5662800.0,37.92857142857143,104.56072971675468,1.6,
Wyoming,9.1,18.7,560300.0,39.55555555555556,5.77075587323494,2.8,
Alabama,10.5,19.2,4767100.0,38.64705882352941,94.12775199921019,1.8,
Alaska,9.2,19.1,701700.0,19.22222222222222,1.2296697923913633,6.5,
Arizona,10.0,14.0,7098000.0,42.76923076923077,62.485694666971845,4.5,
Arkansas,9.8,22.7,2922500.0,36.15384615384615,56.16412030364178,2.9,
California,8.5,11.2,38642700.0,43.83018867924528,248.06103518446002,8.3,
Colorado,9.1,14.5,5611800.0,34.07142857142857,54.14600258582428,2.5,
Connecticut,10.3,12.2,3453300.0,39.5,713.1970260223048,1.9,
Delaware,10.1,16.5,940300.0,42.333333333333336,482.4525397639815,1.9,
Florida,8.7,14.5,20992000.0,35.69230769230769,391.45920745920745,3.0,
Georgia,8.9,16.1,10294000.0,38.55172413793103,178.98562064228958,2.3,
Hawaii,9.3,13.4,1343000.0,18.25,209.09232445897555,8.6,
Idaho,8.6,14.7,1750900.0,23.80952380952381,21.186307370255193,2.8,
Illinois,8.7,15.5,12362300.0,35.51851851851852,222.66791548839137,2.3,
Indiana,10.0,21.1,6511800.0,34.5,181.76184893652655,1.8,
Iowa,7.9,16.6,3060200.0,34.4375,54.786329376801476,1.6,
Kansas,9.8,17.2,2811200.0,32.0,34.38398219156301,2.2,
Kentucky,11.5,23.4,4319300.0,38.22222222222222,109.38813756774553,1.9,
Louisiana,8.9,20.5,4498600.0,34.391304347826086,104.12461809091751,2.2,
Maine,12.3,17.8,1302300.0,33.7,42.22351911292676,1.3,
Maryland,9.3,12.5,5875500.0,38.0,605.2848459874317,2.1,
Massachusetts,10.2,13.4,6650800.0,37.53846153846154,852.6666666666666,2.1,
Michigan,11.2,18.9,9765600.0,34.32142857142857,172.723252975822,1.7,
Minnesota,8.3,15.1,5514800.0,29.285714285714285,69.25791502882188,2.3,
Mississippi,9.7,20.5,2867100.0,38.6,61.1022313151333,2.4,
Missouri,9.4,19.4,5939900.0,38.833333333333336,86.40860027348637,1.9,
Montana,10.0,18.0,1039400.0,26.31578947368421,7.141384854272876,1.8,
Nebraska,8.9,16.0,1873600.0,24.555555555555557,24.388212017077997,1.8,
Nevada,8.0,15.7,3029700.0,34.0,27.597671728258987,4.1,
New Hampshire,11.8,15.6,1314000.0,34.142857142857146,146.76644700100525,1.5,
New Jersey,8.4,13.1,8699400.0,39.4375,1182.948055480011,3.3,
New Mexico,9.9,15.2,2041400.0,31.1875,16.829626209830334,3.6,
New York,10.1,12.8,18908300.0,31.741935483870968,401.2286211433179,5.1,
North Carolina,9.4,17.4,10139700.0,36.44736842105263,208.55855855855856,2.4,
North Dakota,8.2,19.1,731000.0,32.9,10.594049361603455,2.1,
Ohio,9.4,20.5,11351500.0,35.5,277.8076894838599,1.4,
Oklahoma,10.3,19.7,3826900.0,33.95652173913044,55.78978059625337,2.5,
Oregon,11.6,15.6,4128900.0,26.708333333333332,43.0147518439805,3.7,
Pennsylvania,10.0,17.0,12377600.0,37.73170731707317,276.6376863419976,1.4,
Rhode Island,11.9,14.6,1017100.0,37.0,983.6557059961315,1.7,
South Carolina,9.1,18.0,4984200.0,37.888888888888886,165.80286750274442,2.0,
South Dakota,7.9,19.0,851300.0,31.2,11.229241139148673,2.2,
Tennessee,9.8,20.7,6640900.0,36.0,161.05007881653935,2.0,
Texas,7.4,14.4,28286200.0,33.395833333333336,108.27999632510566,4.7,
Utah,9.3,9.0,3154100.0,42.2,38.385055373007184,3.8,
Vermont,12.0,13.7,598100.0,29.0,64.89096235217532,1.5,
Virginia,8.5,14.9,8185100.0,30.558823529411764,207.27019498607243,2.1,
Washington,9.6,12.0,7423900.0,25.193548387096776,111.71150836643794,3.4,
West Virginia,12.3,25.2,1739000.0,29.75,72.34378900074881,1.6,
Wisconsin,9.0,16.4,5677100.0,34.92857142857143,104.82477196351417,1.7,
Wyoming,8.7,18.8,562700.0,38.833333333333336,5.795474442029806,2.1,
Alabama,9.5,20.2,5024279.0,34.53333333333333,99.20582485931484,1.5,-1.165
Alaska,9.9,17.4,733391.0,16.11111111111111,1.2852055845969708,6.7,0.372
Arizona,9.7,14.9,7151502.0,47.30769230769231,62.956687853231685,4.3,-0.643
Arkansas,9.3,20.2,3011524.0,33.0,57.8749687710195,2.8,-0.709
California,7.8,10.0,39538223.0,48.0188679245283,253.80971119342146,8.2,0.36
Colorado,9.7,13.5,5773714.0,34.357142857142854,55.70824569190097,2.7,0.457
Connecticut,10.5,12.1,3605944.0,39.125,744.7220156959934,1.6,1.047
Delaware,9.8,15.9,989948.0,38.0,507.92611595690096,1.8,0.396
Florida,7.4,14.8,21538187.0,35.05128205128205,401.64451282051283,2.9,-0.963
Georgia,7.7,16.3,10711908.0,33.172413793103445,186.2519430389651,2.1,-1.403
Hawaii,9.6,12.3,1455271.0,17.5,226.57185115989412,8.5,1.131
Idaho,10.0,15.3,1839106.0,25.047619047619047,22.253620996333627,2.8,-0.544
Illinois,8.2,14.5,12812508.0,33.44444444444444,230.77699526288296,2.3,0.229
Indiana,9.8,19.2,6785528.0,33.916666666666664,189.40233350080948,1.5,-0.215
Iowa,8.0,16.4,3190369.0,33.8125,57.116726641244604,1.8,0.767
Kansas,9.9,16.2,2937880.0,31.272727272727273,35.93341405839112,1.9,-0.166
Kentucky,9.5,23.6,4505836.0,34.44444444444444,114.11224231373144,2.1,0.353
Louisiana,7.9,21.9,4657757.0,32.608695652173914,107.80846680862884,2.3,-0.446
Maine,11.8,17.6,1362359.0,33.5,44.17076808351976,1.5,0.632
Maryland,9.0,12.7,6177224.0,33.23529411764706,636.3679818687546,2.4,0.664
Massachusetts,10.3,12.0,7029917.0,36.53846153846154,901.2714102564103,2.1,1.842
Michigan,11.1,18.7,10077331.0,32.925925925925924,178.23680998956473,1.6,0.658
Minnesota,8.3,14.6,5706494.0,28.952380952380953,71.66531452899142,2.1,0.941
Mississippi,9.9,20.4,2961279.0,37.2,63.109328048078766,2.6,-1.252
Missouri,10.1,19.6,6154913.0,35.708333333333336,89.53642605685025,1.9,-0.384
Montana,10.0,16.6,1084225.0,25.63157894736842,7.449363087958446,1.9,0.513
Nebraska,8.0,14.7,1961504.0,24.77777777777778,25.53243777986046,1.9,0.276
Nevada,9.4,15.7,3104614.0,36.22222222222222,28.28006667820479,4.3,-0.807
New Hampshire,10.8,15.9,1377529.0,34.714285714285715,153.86228079973193,1.5,0.719
New Jersey,8.4,13.1,9288994.0,36.9375,1263.1212945335872,3.2,0.066
New Mexico,8.4,16.0,2117522.0,30.625,17.45718808224373,3.3,-0.047
New York,9.3,12.7,20201249.0,32.82142857142857,428.66462250137926,4.9,0.831
North Carolina,8.3,18.5,10439388.0,31.026315789473685,214.72269529803776,2.3,-0.68
North Dakota,8.1,17.0,779094.0,30.2,11.291053752844162,1.8,0.729
Ohio,11.1,20.8,11799448.0,31.636363636363637,288.77041677883557,1.5,0.311
Oklahoma,10.2,18.9,3959353.0,33.25,57.72072308477294,2.6,-0.934
Oregon,11.1,14.5,4237256.0,27.434782608695652,44.14360128349377,3.4,0.493
Pennsylvania,10.9,17.3,13002700.0,35.75609756097561,290.60858681804973,1.5,0.707
Rhode Island,11.2,13.3,1097379.0,34.333333333333336,1061.2949709864604,1.9,1.321
South Carolina,9.4,17.5,5118425.0,31.333333333333332,170.2679551578457,2.2,-0.705
South Dakota,8.5,18.3,886667.0,33.1,11.695756552479192,2.0,0.192
Tennessee,8.8,19.9,6910840.0,32.56521739130435,167.59645931854007,1.9,-0.534
Texas,7.1,14.7,29145505.0,31.46153846153846,111.56942870704967,4.7,-1.641
Utah,9.9,7.9,3271616.0,41.06666666666667,39.815212364609955,3.4,-0.347
Vermont,11.6,15.1,643077.0,28.75,69.77074970163828,1.9,1.296
Virginia,8.8,14.0,8631393.0,27.606060606060606,218.57161306659913,2.0,0.074
Washington,9.9,12.6,7705281.0,24.06451612903226,115.94560310581437,3.5,0.683
West Virginia,11.5,23.8,1793716.0,26.25,74.62001830435145,1.2,0.017
Wisconsin,10.2,15.4,5893718.0,34.92857142857143,108.82451346061524,1.5,0.621
Wyoming,9.5,18.4,576851.0,35.55555555555556,5.9412213032865395,2.1,-0.348
